<?xml version="1.0" encoding="utf-8"?>
<modification>
  <name>Remove AddtoCart</name>
  <code>Remove AddtoCart</code>
  <version>1.0</version>
  <author>Code E-Shop</author>
  <link>http://codeeshop.com/</link>

  <file path="catalog/view/theme/*/template/product/product.twig">
    <operation>
      <search>
      <![CDATA[<button type="button" id="button-cart" data-loading-text="{{ text_loading }}" class="btn btn-primary btn-lg btn-block">{{ button_cart }}</button>]]>
      </search>
      <add position="replace">
        <![CDATA[]]>
      </add>
    </operation>
    <operation>
      <search>
      <![CDATA[<button type="button" onclick="cart.add('{{ product.product_id }}', '{{ product.minimum }}');"><span class="hidden-xs hidden-sm hidden-md">{{ button_cart }}</span> <i class="fa fa-shopping-cart"></i></button>]]>
      </search>
      <add position="replace">
        <![CDATA[]]>
      </add>
    </operation>
  </file>

  <file path="catalog/view/theme/*/template/product/compare.twig">
    <operation>
      <search>
      <![CDATA[<input type="button" value="{{ button_cart }}" class="btn btn-primary btn-block" onclick="cart.add('{{ product.product_id }}', '{{ product.minimum }}');" /<name />]]>
      </search>
      <add position="replace">
        <![CDATA[]]>
      </add>
    </operation>
  </file>

  <file path="catalog/view/theme/*/template/account/wishlist.twig">
    <operation>
      <search>
      <![CDATA[<button type="button" onclick="cart.add('{{ product.product_id }}');" data-toggle="tooltip" title="{{ button_cart }}" class="btn btn-primary"><i class="fa fa-shopping-cart"></i></button>]]>
      </search>
      <add position="replace">
        <![CDATA[]]>
      </add>
    </operation>
  </file>
  
  <file path="catalog/view/theme/*/template/product/*.twig">
    <operation>
      <search>
      <![CDATA[<button type="button" onclick="cart.add('{{ product.product_id }}', '{{ product.minimum }}');"><i class="fa fa-shopping-cart"></i> <span class="hidden-xs hidden-sm hidden-md">{{ button_cart }}</span></button>]]>
      </search>
      <add position="replace">
        <![CDATA[]]>
      </add>
    </operation>
  </file>

  <file path="catalog/view/theme/*/template/extension/module/*.twig">
    <operation>
      <search>
      <![CDATA[<button type="button" onclick="cart.add('{{ product.product_id }}');"><i class="fa fa-shopping-cart"></i> <span class="hidden-xs hidden-sm hidden-md">{{ button_cart }}</span></button>]]>
      </search>
      <add position="replace">
        <![CDATA[]]>
      </add>
    </operation>
  </file>

</modification>
