<?xml version="1.0" encoding="utf-8"?>
<modification>
  <name>Remove AddtoCart</name>
  <code>Remove AddtoCart</code>
  <version>1.0</version>
  <author>Code E-Shop</author>
  <link>http://codeeshop.com/</link>

  <file path="catalog/view/theme/*/template/product/product.tpl">
    <operation>
      <search>
      <![CDATA[<button type="button" id="button-cart" data-loading-text="<?php echo $text_loading; ?>" class="btn btn-primary btn-lg btn-block"><?php echo $button_cart; ?></button>]]>
      </search>
      <add position="replace">
        <![CDATA[]]>
      </add>
    </operation>
    <operation>
      <search>
      <![CDATA[<button type="button" onclick="cart.add('<?php echo $product['product_id']; ?>', '<?php echo $product['minimum']; ?>');"><span class="hidden-xs hidden-sm hidden-md"><?php echo $button_cart; ?></span> <i class="fa fa-shopping-cart"></i></button>]]>
      </search>
      <add position="replace">
        <![CDATA[]]>
      </add>
    </operation>
  </file>

  <file path="catalog/view/theme/*/template/product/compare.tpl">
    <operation>
      <search>
      <![CDATA[<input type="button" value="<?php echo $button_cart; ?>" class="btn btn-primary btn-block" onclick="cart.add('<?php echo $product['product_id']; ?>', '<?php echo $product['minimum']; ?>');" />]]>
      </search>
      <add position="replace">
        <![CDATA[]]>
      </add>
    </operation>
  </file>

  <file path="catalog/view/theme/*/template/account/wishlist.tpl">
    <operation>
      <search>
      <![CDATA[<button type="button" onclick="cart.add('<?php echo $product['product_id']; ?>');" data-toggle="tooltip" title="<?php echo $button_cart; ?>" class="btn btn-primary"><i class="fa fa-shopping-cart"></i></button>]]>
      </search>
      <add position="replace">
        <![CDATA[]]>
      </add>
    </operation>
  </file>
  
  <file path="catalog/view/theme/*/template/product/*.tpl">
    <operation>
      <search>
      <![CDATA[<button type="button" onclick="cart.add('<?php echo $product['product_id']; ?>', '<?php echo $product['minimum']; ?>');"><i class="fa fa-shopping-cart"></i> <span class="hidden-xs hidden-sm hidden-md"><?php echo $button_cart; ?></span></button>]]>
      </search>
      <add position="replace">
        <![CDATA[]]>
      </add>
    </operation>
  </file>

  <file path="catalog/view/theme/*/template/extension/module/*.tpl">
    <operation>
      <search>
      <![CDATA[<button type="button" onclick="cart.add('<?php echo $product['product_id']; ?>');"><i class="fa fa-shopping-cart"></i> <span class="hidden-xs hidden-sm hidden-md"><?php echo $button_cart; ?></span></button>]]>
      </search>
      <add position="replace">
        <![CDATA[]]>
      </add>
    </operation>
  </file>

</modification>
